id,item_id,normalized,skewed_up,skewed_down,polarized
133108,133103,[0. 0. 0. 0. 0. 0. 0. 0. 0. 1.],0.0,9.0,4.5
131585,131570,[0. 0. 0. 0. 0. 0. 0. 0. 0. 1.],0.0,9.0,4.5
132448,132431,[0. 0. 0. 0. 0. 0. 0. 0. 0. 1.],0.0,9.0,4.5
130531,130520,[0. 0. 0. 0. 0. 0. 0. 0. 0. 1.],0.0,9.0,4.5
127765,127748,[0. 0. 0. 0. 0. 0. 0. 0. 0. 1.],0.0,9.0,4.5
143323,143309,[0. 0. 0. 0. 0. 0. 0. 0. 0. 1.],0.0,9.0,4.5
136663,136652,[0. 0. 0. 0. 0. 0. 0. 0. 0. 1.],0.0,9.0,4.5
138949,138941,[0. 0. 0. 0. 0. 0. 0. 0. 0. 1.],0.0,9.0,4.5
145530,145514,[0. 0. 0. 0. 0. 0. 0. 0. 0. 1.],0.0,9.0,4.5
133119,133103,[0. 0. 0. 0. 0. 0. 0. 0. 0. 1.],0.0,9.0,4.5
130758,130751,[0. 0. 0. 0. 0. 0. 0. 0. 0. 1.],0.0,9.0,4.5
135895,135875,[0. 0. 0. 0. 0. 0. 0. 0. 0. 1.],0.0,9.0,4.5
141563,141545,[0. 0. 0. 0. 0. 0. 0. 0. 0. 1.],0.0,9.0,4.5
139090,139088,[0. 0. 0. 0. 0. 0. 0. 0. 0. 1.],0.0,9.0,4.5
133304,133292,[0. 0. 0. 0. 0. 0. 0. 0. 0. 1.],0.0,9.0,4.5
132152,132137,[0. 0. 0. 0. 0. 0. 0. 0. 0. 1.],0.0,9.0,4.5
137957,137954,[0. 0. 0. 0. 0. 0. 0. 0. 0. 1.],0.0,9.0,4.5
131831,131822,[0.   0.   0.   0.   0.   0.   0.   0.   0.25 0.75],0.24999975,8.75000025,4.25000025
132147,132137,"[0.         0.         0.         0.         0.         0.
 0.         0.         0.33333333 0.66666667]",0.333332666667,8.666667333332999,4.166667333333
131773,131759,"[0.         0.         0.         0.         0.         0.
 0.         0.         0.33333333 0.66666667]",0.333332666667,8.666667333332999,4.166667333333
133431,133418,[0.  0.  0.  0.  0.  0.  0.  0.  0.5 0.5],0.4999995,8.5000005,4.0000005
129717,129701,[0.  0.  0.  0.  0.  0.  0.  0.  0.5 0.5],0.4999995,8.5000005,4.0000005
145198,145178,[0.  0.  0.  0.  0.  0.  0.  0.  0.5 0.5],0.4999995,8.5000005,4.0000005
134222,134216,[0.  0.  0.  0.  0.  0.  0.  0.  0.5 0.5],0.4999995,8.5000005,4.0000005
135181,135161,[0.  0.  0.  0.  0.  0.  0.  0.  0.5 0.5],0.4999995,8.5000005,4.0000005
135177,135161,[0.  0.  0.  0.  0.  0.  0.  0.  0.5 0.5],0.4999995,8.5000005,4.0000005
141722,141713,[0.  0.  0.  0.  0.  0.  0.  0.  0.5 0.5],0.4999995,8.5000005,4.0000005
142579,142574,"[0.         0.         0.         0.         0.         0.
 0.         0.33333333 0.         0.66666667]",0.666665333334,8.333334666666,3.833334666666
126599,126593,"[0.         0.         0.         0.         0.         0.
 0.         0.33333333 0.         0.66666667]",0.666665333334,8.333334666666,3.833334666666
138212,138206,"[0.         0.         0.         0.         0.         0.
 0.         0.33333333 0.         0.66666667]",0.666665333334,8.333334666666,3.833334666666
125427,125417,"[0.         0.         0.         0.         0.         0.
 0.         0.33333333 0.33333333 0.33333333]",0.9999980000009999,7.999992999999,3.833326666665
144378,144359,"[0.         0.         0.         0.         0.         0.
 0.33333333 0.         0.         0.66666667]",0.9999980000009999,8.000001999999,3.500001999999
133969,133964,"[0.         0.         0.         0.         0.         0.
 0.         0.33333333 0.33333333 0.33333333]",0.9999980000009999,7.999992999999,3.833326666665
131571,131570,"[0.         0.         0.         0.         0.         0.
 0.         0.33333333 0.33333333 0.33333333]",0.9999980000009999,7.999992999999,3.833326666665
129623,129617,"[0.         0.         0.         0.         0.         0.
 0.33333333 0.         0.         0.66666667]",0.9999980000009999,8.000001999999,3.500001999999
132756,132746,"[0.         0.         0.         0.         0.         0.
 0.         0.33333333 0.33333333 0.33333333]",0.9999980000009999,7.999992999999,3.833326666665
126753,126740,[0. 0. 0. 0. 0. 0. 0. 0. 1. 0.],0.999999,8.000001,4.5
133561,133544,[0.  0.  0.  0.  0.  0.  0.  0.5 0.  0.5],0.999999,8.000001,3.500001
134098,134090,[0. 0. 0. 0. 0. 0. 0. 0. 1. 0.],0.999999,8.000001,4.5
131762,131759,[0.  0.  0.  0.  0.  0.  0.  0.5 0.  0.5],0.999999,8.000001,3.500001
145869,145850,[0.   0.   0.   0.   0.   0.   0.   0.25 0.5  0.25],0.999999,8.000001,4.0000005
129103,129092,[0. 0. 0. 0. 0. 0. 0. 0. 1. 0.],0.999999,8.000001,4.5
145192,145178,[0. 0. 0. 0. 0. 0. 0. 0. 1. 0.],0.999999,8.000001,4.5
145442,145430,[0.  0.  0.  0.  0.  0.  0.  0.5 0.  0.5],0.999999,8.000001,3.500001
138765,138752,[0. 0. 0. 0. 0. 0. 0. 0. 1. 0.],0.999999,8.000001,4.5
130570,130562,[0. 0. 0. 0. 0. 0. 0. 0. 1. 0.],0.999999,8.000001,4.5
127041,127034,[0.  0.  0.  0.  0.  0.  0.  0.5 0.  0.5],0.999999,8.000001,3.500001
130454,130436,[0. 0. 0. 0. 0. 0. 0. 0. 1. 0.],0.999999,8.000001,4.5
136793,136778,[0. 0. 0. 0. 0. 0. 0. 0. 1. 0.],0.999999,8.000001,4.5
138758,138752,[0. 0. 0. 0. 0. 0. 0. 0. 1. 0.],0.999999,8.000001,4.5
133413,133397,[0.  0.  0.  0.  0.  0.  0.  0.4 0.2 0.4],0.999999,8.000001,3.7000008
132027,132011,[0.  0.  0.  0.  0.  0.  0.  0.5 0.  0.5],0.999999,8.000001,3.500001
129863,129848,[0. 0. 0. 0. 0. 0. 0. 0. 1. 0.],0.999999,8.000001,4.5
135196,135182,[0. 0. 0. 0. 0. 0. 0. 0. 1. 0.],0.999999,8.000001,4.5
143935,143918,[0. 0. 0. 0. 0. 0. 0. 0. 1. 0.],0.999999,8.000001,4.5
127281,127265,[0. 0. 0. 0. 0. 0. 0. 0. 1. 0.],0.999999,8.000001,4.5
141151,141146,[0.  0.  0.  0.  0.  0.  0.  0.5 0.  0.5],0.999999,8.000001,3.500001
131320,131318,[0. 0. 0. 0. 0. 0. 0. 0. 1. 0.],0.999999,8.000001,4.5
144396,144380,[0.  0.  0.  0.  0.  0.  0.  0.5 0.  0.5],0.999999,8.000001,3.500001
131589,131570,[0.  0.  0.  0.  0.  0.  0.  0.5 0.  0.5],0.999999,8.000001,3.500001
141720,141713,[0. 0. 0. 0. 0. 0. 0. 0. 1. 0.],0.999999,8.000001,4.5
141077,141062,[0. 0. 0. 0. 0. 0. 0. 0. 1. 0.],0.999999,8.000001,4.5
144616,144611,[0. 0. 0. 0. 0. 0. 0. 0. 1. 0.],0.999999,8.000001,4.5
135168,135161,[0.  0.  0.  0.  0.  0.  0.  0.5 0.  0.5],0.999999,8.000001,3.500001
132178,132158,[0.  0.  0.  0.  0.  0.  0.  0.5 0.  0.5],0.999999,8.000001,3.500001
133297,133292,[0.  0.  0.  0.  0.  0.  0.  0.5 0.  0.5],0.999999,8.000001,3.500001
137488,137471,[0. 0. 0. 0. 0. 0. 0. 0. 1. 0.],0.999999,8.000001,4.5
144629,144611,[0. 0. 0. 0. 0. 0. 0. 0. 1. 0.],0.999999,8.000001,4.5
136729,136715,[0.  0.  0.  0.  0.  0.  0.  0.5 0.  0.5],0.999999,8.000001,3.500001
144379,144359,[0. 0. 0. 0. 0. 0. 0. 0. 1. 0.],0.999999,8.000001,4.5
132009,131990,[0.  0.  0.  0.  0.  0.  0.  0.5 0.  0.5],0.999999,8.000001,3.500001
133857,133838,[0. 0. 0. 0. 0. 0. 0. 0. 1. 0.],0.999999,8.000001,4.5
128786,128777,[0. 0. 0. 0. 0. 0. 0. 0. 1. 0.],0.999999,8.000001,4.5
132434,132431,[0. 0. 0. 0. 0. 0. 0. 0. 1. 0.],0.999999,8.000001,4.5
130306,130289,[0. 0. 0. 0. 0. 0. 0. 0. 1. 0.],0.999999,8.000001,4.5
144627,144611,[0. 0. 0. 0. 0. 0. 0. 0. 1. 0.],0.999999,8.000001,4.5
125770,125753,[0. 0. 0. 0. 0. 0. 0. 0. 1. 0.],0.999999,8.000001,4.5
131578,131570,[0. 0. 0. 0. 0. 0. 0. 0. 1. 0.],0.999999,8.000001,4.5
134129,134111,[0.  0.  0.  0.  0.  0.  0.  0.5 0.  0.5],0.999999,8.000001,3.500001
125664,125648,"[0.         0.         0.         0.         0.         0.22222222
 0.         0.         0.33333333 0.44444444]",1.222219777779,7.777771222221,3.3888831111089996
135005,134993,[0.   0.   0.   0.   0.   0.   0.25 0.25 0.   0.5 ],1.24999875,7.75000125,3.25000125
128135,128126,[0.   0.   0.   0.   0.   0.   0.   0.5  0.25 0.25],1.24999875,7.75000125,3.75000075
139580,139571,[0.   0.   0.   0.   0.   0.   0.25 0.25 0.   0.5 ],1.24999875,7.75000125,3.25000125
139285,139277,[0.   0.   0.   0.   0.   0.   0.25 0.25 0.   0.5 ],1.24999875,7.75000125,3.25000125
139583,139571,[0.   0.   0.   0.   0.   0.25 0.   0.   0.25 0.5 ],1.24999875,7.75000125,3.25000125
126340,126320,[0.   0.   0.   0.   0.   0.   0.   0.5  0.25 0.25],1.24999875,7.75000125,3.75000075
132751,132746,[0.   0.   0.   0.   0.   0.25 0.   0.   0.25 0.5 ],1.24999875,7.75000125,3.25000125
131677,131675,[0.   0.   0.   0.   0.   0.   0.25 0.25 0.   0.5 ],1.24999875,7.75000125,3.25000125
141153,141146,[0.   0.   0.   0.   0.   0.   0.   0.5  0.25 0.25],1.24999875,7.75000125,3.75000075
135074,135056,[0.   0.   0.   0.   0.   0.   0.25 0.25 0.   0.5 ],1.24999875,7.75000125,3.25000125
129299,129281,[0.   0.   0.   0.   0.   0.25 0.   0.   0.25 0.5 ],1.24999875,7.75000125,3.25000125
126391,126383,"[0.         0.         0.         0.         0.         0.
 0.33333333 0.         0.33333333 0.33333333]",1.333330666668,7.6666603333320005,3.4999939999980003
130771,130751,"[0.         0.         0.         0.         0.         0.
 0.33333333 0.         0.33333333 0.33333333]",1.333330666668,7.6666603333320005,3.4999939999980003
131583,131570,"[0.         0.         0.         0.         0.         0.
 0.33333333 0.         0.33333333 0.33333333]",1.333330666668,7.6666603333320005,3.4999939999980003
136511,136505,"[0.         0.         0.         0.         0.         0.33333333
 0.         0.         0.         0.66666667]",1.333330666668,7.666669333332,3.166669333332
132376,132368,"[0.         0.         0.         0.         0.         0.
 0.33333333 0.         0.33333333 0.33333333]",1.333330666668,7.6666603333320005,3.4999939999980003
145045,145031,"[0.         0.         0.         0.         0.         0.33333333
 0.         0.         0.         0.66666667]",1.333330666668,7.666669333332,3.166669333332
138174,138164,"[0.         0.         0.         0.         0.         0.
 0.         0.33333333 0.66666667 0.        ]",1.333331666667,7.666668333333,4.166667333333
139414,139403,"[0.         0.         0.         0.         0.         0.
 0.         0.33333333 0.66666667 0.        ]",1.333331666667,7.666668333333,4.166667333333
135195,135182,"[0.         0.         0.         0.         0.         0.
 0.         0.66666667 0.         0.33333333]",1.3333326666660001,7.666667333334,3.833334666666
130151,130142,"[0.         0.         0.         0.         0.         0.
 0.         0.66666667 0.         0.33333333]",1.3333326666660001,7.666667333334,3.833334666666
143785,143771,"[0.         0.         0.         0.         0.         0.
 0.         0.66666667 0.         0.33333333]",1.3333326666660001,7.666667333334,3.833334666666
143790,143771,"[0.         0.         0.         0.         0.         0.
 0.         0.66666667 0.         0.33333333]",1.3333326666660001,7.666667333334,3.833334666666
137398,137387,[0.  0.  0.  0.  0.  0.  0.4 0.  0.2 0.4],1.3999986,7.6000014,3.3000012
129002,128987,[0.  0.  0.  0.  0.  0.  0.  0.6 0.2 0.2],1.3999986,7.6000014,3.9000006000000003
129866,129848,[0.  0.  0.  0.  0.  0.  0.2 0.4 0.  0.4],1.3999986,7.6000014,3.500001
144829,144821,"[0.         0.         0.         0.         0.         0.06666667
 0.         0.4        0.33333333 0.2       ]",1.399999599999,7.600000400001,3.699999800001
139297,139277,[0.  0.  0.  0.  0.2 0.  0.  0.2 0.  0.6],1.4000004000000001,7.5999996,3.0999996000000003
132497,132494,"[0.         0.         0.         0.         0.16666667 0.
 0.16666667 0.         0.16666667 0.5       ]",1.499997999996,7.4999970000000005,2.999997999999
138222,138206,[0.  0.  0.  0.  0.  0.  0.5 0.  0.  0.5],1.4999985,7.5000015,3.0000015
127086,127076,[0.  0.  0.  0.  0.  0.  0.5 0.  0.  0.5],1.4999985,7.5000015,3.0000015
128790,128777,[0.  0.  0.  0.  0.  0.  0.  0.5 0.5 0. ],1.4999985,7.5000015,4.0000005
125773,125753,[0.  0.  0.  0.  0.  0.  0.  0.5 0.5 0. ],1.4999985,7.5000015,4.0000005
129625,129617,[0.  0.  0.  0.  0.  0.  0.5 0.  0.  0.5],1.4999985,7.5000015,3.0000015
133718,133712,"[0.         0.         0.         0.         0.         0.
 0.33333333 0.16666667 0.16666667 0.33333333]",1.4999985,7.5000015,3.333335166666
141730,141713,"[0.         0.         0.         0.         0.         0.
 0.33333333 0.16666667 0.16666667 0.33333333]",1.4999985,7.5000015,3.333335166666
144377,144359,[0.  0.  0.  0.  0.  0.  0.  0.5 0.5 0. ],1.4999985,7.5000015,4.0000005
126601,126593,[0.  0.  0.  0.  0.  0.  0.  0.5 0.5 0. ],1.4999985,7.5000015,4.0000005
129027,129008,[0.   0.   0.   0.   0.   0.   0.25 0.25 0.25 0.25],1.4999985,7.5000015,3.500001
144606,144590,[0.   0.   0.   0.   0.   0.25 0.   0.25 0.   0.5 ],1.4999985,7.5000015,3.0000015
144430,144422,[0.   0.   0.   0.   0.   0.   0.25 0.25 0.25 0.25],1.4999985,7.5000015,3.500001
136664,136652,[0.  0.  0.  0.  0.  0.  0.5 0.  0.  0.5],1.4999985,7.5000015,3.0000015
131761,131759,[0.  0.  0.  0.  0.  0.  0.5 0.  0.  0.5],1.4999985,7.5000015,3.0000015
130456,130436,[0.  0.  0.  0.  0.  0.  0.5 0.  0.  0.5],1.4999985,7.5000015,3.0000015
133432,133418,[0.  0.  0.  0.  0.  0.  0.5 0.  0.  0.5],1.4999985,7.5000015,3.0000015
131901,131885,[0.  0.  0.  0.  0.  0.  0.  0.5 0.5 0. ],1.4999985,7.5000015,4.0000005
142399,142385,[0.  0.  0.  0.  0.  0.  0.5 0.  0.  0.5],1.4999985,7.5000015,3.0000015
127050,127034,[0.  0.  0.  0.  0.  0.  0.5 0.  0.  0.5],1.4999985,7.5000015,3.0000015
132219,132200,[0.  0.  0.  0.  0.  0.  0.  0.5 0.5 0. ],1.4999985,7.5000015,4.0000005
133749,133733,[0.  0.  0.  0.  0.  0.  0.5 0.  0.  0.5],1.4999985,7.5000015,3.0000015
131060,131045,[0.   0.   0.   0.   0.   0.25 0.   0.25 0.   0.5 ],1.4999985,7.5000015,3.0000015
142278,142259,[0.  0.  0.  0.  0.  0.  0.5 0.  0.  0.5],1.4999985,7.5000015,3.0000015
133560,133544,[0.  0.  0.  0.  0.  0.  0.  0.5 0.5 0. ],1.4999985,7.5000015,4.0000005
128453,128441,[0.  0.  0.  0.  0.  0.  0.5 0.  0.  0.5],1.4999985,7.5000015,3.0000015
144753,144737,[0.  0.  0.  0.  0.  0.  0.  0.5 0.5 0. ],1.4999985,7.5000015,4.0000005
133435,133418,[0.  0.  0.  0.  0.  0.  0.5 0.  0.  0.5],1.4999985,7.5000015,3.0000015
134123,134111,[0.  0.  0.  0.  0.  0.  0.  0.5 0.5 0. ],1.4999985,7.5000015,4.0000005
136651,136631,[0.   0.   0.   0.   0.   0.   0.   0.75 0.   0.25],1.4999985,7.5000015,4.0000005
127935,127916,[0.  0.  0.  0.  0.  0.  0.5 0.  0.  0.5],1.4999985,7.5000015,3.0000015
145311,145304,[0.  0.  0.  0.  0.  0.  0.5 0.  0.  0.5],1.4999985,7.5000015,3.0000015
133420,133418,[0.  0.  0.  0.  0.  0.  0.  0.5 0.5 0. ],1.4999985,7.5000015,4.0000005
134101,134090,[0.  0.  0.  0.  0.  0.  0.5 0.  0.  0.5],1.4999985,7.5000015,3.0000015
128386,128378,[0.   0.   0.   0.   0.   0.   0.25 0.25 0.25 0.25],1.4999985,7.5000015,3.500001
131577,131570,[0.  0.  0.  0.  0.  0.  0.5 0.  0.  0.5],1.4999985,7.5000015,3.0000015
144393,144380,"[0.         0.         0.         0.         0.         0.16666667
 0.         0.33333333 0.16666667 0.33333333]",1.499999499999,7.500000500001001,3.333334166667
132024,132011,"[0.         0.         0.         0.         0.         0.16666667
 0.         0.33333333 0.16666667 0.33333333]",1.499999499999,7.500000500001001,3.333334166667
143365,143351,"[0.         0.         0.         0.         0.         0.
 0.14285714 0.42857143 0.28571429 0.14285714]",1.571425428573,7.428565571427001,3.7857087142830004
133290,133271,[0.  0.  0.  0.  0.  0.2 0.  0.2 0.4 0.2],1.5999984,7.4000016,3.500001
138085,138080,[0.  0.  0.  0.  0.  0.2 0.2 0.  0.2 0.4],1.5999984,7.4000016,3.1000014
136582,136568,[0.  0.  0.  0.  0.  0.  0.4 0.2 0.  0.4],1.5999984,7.4000016,3.3000012
144429,144422,[0.  0.  0.  0.  0.  0.2 0.  0.2 0.4 0.2],1.5999984,7.4000016,3.500001
133792,133775,[0.  0.  0.  0.  0.  0.4 0.  0.  0.  0.6],1.5999984,7.4000016,2.9000016000000004
131040,131024,[0.  0.  0.  0.  0.  0.2 0.2 0.  0.2 0.4],1.5999984,7.4000016,3.1000014
130104,130100,[0.  0.  0.  0.2 0.  0.  0.  0.2 0.  0.6],1.6000002,7.3999998,2.8999998000000002
131075,131066,[0.    0.    0.    0.    0.    0.125 0.25  0.125 0.125 0.375],1.624998375,7.375001625,3.125001375
132539,132536,[0.    0.    0.    0.    0.    0.125 0.125 0.375 0.    0.375],1.624998375,7.375001625,3.3750011250000003
139265,139256,[0.    0.    0.    0.    0.    0.25  0.125 0.    0.25  0.375],1.624998375,7.375001625,3.125001375
139968,139949,[0.    0.    0.    0.    0.    0.    0.125 0.625 0.    0.25 ],1.624998375,7.375001625,3.875000625
125677,125669,[0.    0.    0.    0.    0.    0.    0.375 0.25  0.    0.375],1.624998375,7.375001625,3.3750011250000003
132379,132368,"[0.         0.         0.         0.         0.         0.33333333
 0.         0.         0.33333333 0.33333333]",1.6666633333349998,7.333327666664999,3.166661333331
135059,135056,"[0.         0.         0.         0.         0.         0.
 0.33333333 0.33333333 0.         0.33333333]",1.6666633333349998,7.333327666664999,3.4999949999970004
143439,143435,"[0.         0.         0.         0.         0.         0.
 0.33333333 0.33333333 0.         0.33333333]",1.6666633333349998,7.333327666664999,3.4999949999970004
129442,129428,"[0.         0.         0.         0.         0.         0.
 0.33333333 0.33333333 0.         0.33333333]",1.6666633333349998,7.333327666664999,3.4999949999970004
126880,126866,"[0.         0.         0.         0.         0.         0.33333333
 0.         0.         0.33333333 0.33333333]",1.6666633333349998,7.333327666664999,3.166661333331
134230,134216,"[0.         0.         0.         0.         0.         0.
 0.33333333 0.33333333 0.         0.33333333]",1.6666633333349998,7.333327666664999,3.4999949999970004
135743,135728,"[0.         0.         0.         0.         0.         0.
 0.33333333 0.33333333 0.         0.33333333]",1.6666633333349998,7.333327666664999,3.4999949999970004
134235,134216,"[0.         0.         0.         0.         0.         0.
 0.33333333 0.33333333 0.         0.33333333]",1.6666633333349998,7.333327666664999,3.4999949999970004
131682,131675,"[0.         0.         0.         0.         0.         0.
 0.33333333 0.33333333 0.         0.33333333]",1.6666633333349998,7.333327666664999,3.4999949999970004
145314,145304,"[0.         0.         0.         0.         0.         0.33333333
 0.         0.         0.33333333 0.33333333]",1.6666633333349998,7.333327666664999,3.166661333331
134207,134195,"[0.         0.         0.         0.         0.         0.33333333
 0.         0.         0.33333333 0.33333333]",1.6666633333349998,7.333327666664999,3.166661333331
125808,125795,"[0.         0.         0.         0.         0.         0.33333333
 0.         0.         0.33333333 0.33333333]",1.6666633333349998,7.333327666664999,3.166661333331
134454,134447,"[0.         0.         0.         0.         0.         0.
 0.33333333 0.33333333 0.         0.33333333]",1.6666633333349998,7.333327666664999,3.4999949999970004
127757,127748,"[0.         0.         0.         0.         0.         0.33333333
 0.         0.         0.33333333 0.33333333]",1.6666633333349998,7.333327666664999,3.166661333331
143962,143960,"[0.         0.         0.         0.         0.         0.
 0.16666667 0.5        0.16666667 0.16666667]",1.6666633333350007,7.333333666668001,3.8333326666680008
134224,134216,"[0.         0.         0.         0.         0.         0.
 0.33333333 0.         0.66666667 0.        ]",1.6666643333339999,7.333335666666001,3.833334666666
138140,138122,"[0.         0.         0.         0.         0.         0.
 0.         0.66666667 0.33333333 0.        ]",1.666665333333,7.3333346666670005,4.166667333333
133708,133691,"[0.         0.         0.         0.         0.         0.
 0.         0.66666667 0.33333333 0.        ]",1.666665333333,7.3333346666670005,4.166667333333
140448,140432,[0.  0.  0.  0.  0.  0.1 0.1 0.4 0.2 0.2],1.6999983,7.3000017,3.6000009
143272,143267,[0.  0.  0.  0.  0.  0.1 0.2 0.2 0.3 0.2],1.6999983,7.3000017,3.4000011000000003
134220,134216,"[0.         0.         0.         0.         0.         0.
 0.42857143 0.14285714 0.14285714 0.28571429]",1.714282285716001,7.2857087142840005,3.3571381428540006
134114,134111,"[0.         0.         0.         0.         0.         0.28571429
 0.         0.14285714 0.28571429 0.28571429]",1.714282285716001,7.2857087142840005,3.214280285712001
144530,144527,[0.   0.   0.   0.   0.   0.25 0.   0.25 0.25 0.25],1.74999825,7.25000175,3.25000125
125867,125858,[0.   0.   0.   0.   0.   0.   0.25 0.5  0.   0.25],1.74999825,7.25000175,3.75000075
128596,128588,[0.   0.   0.   0.   0.   0.   0.25 0.5  0.   0.25],1.74999825,7.25000175,3.75000075
129716,129701,[0.   0.   0.   0.   0.   0.25 0.25 0.   0.   0.5 ],1.74999825,7.25000175,2.75000175
138853,138836,[0.   0.   0.   0.   0.   0.25 0.25 0.   0.   0.5 ],1.74999825,7.25000175,2.75000175
128747,128735,[0.   0.   0.   0.   0.   0.25 0.   0.   0.75 0.  ],1.74999825,7.25000175,3.75000075
130143,130142,[0.   0.   0.   0.   0.   0.   0.25 0.5  0.   0.25],1.74999825,7.25000175,3.75000075
141762,141755,[0.   0.   0.   0.   0.   0.25 0.   0.25 0.25 0.25],1.74999825,7.25000175,3.25000125
141078,141062,[0.   0.   0.   0.   0.   0.25 0.25 0.   0.   0.5 ],1.74999825,7.25000175,2.75000175
141426,141419,[0.   0.   0.   0.   0.   0.   0.   0.75 0.25 0.  ],1.74999825,7.25000175,4.25000025
129459,129449,[0.   0.   0.   0.   0.25 0.   0.   0.25 0.   0.5 ],1.7500005,7.2499995,2.7499995
133887,133880,"[0.         0.         0.         0.         0.         0.23076923
 0.15384615 0.07692308 0.23076923 0.30769231]",1.769227230771,7.230763769229,3.115379384613
133453,133439,"[0.         0.         0.         0.         0.         0.22222222
 0.         0.33333333 0.22222222 0.22222222]",1.777774222224,7.222216777776,3.3888841111079997
142413,142406,"[0.         0.         0.         0.         0.         0.22222222
 0.11111111 0.22222222 0.11111111 0.33333333]",1.777774222224,7.222216777776,3.16666233333
127335,127328,"[0.         0.         0.         0.         0.         0.
 0.33333333 0.33333333 0.11111111 0.22222222]",1.777774222224001,7.2222167777760005,3.611105888886001
131392,131381,[0.  0.  0.  0.  0.  0.  0.4 0.2 0.2 0.2],1.7999981999999999,7.2000018,3.500001
132212,132200,[0.  0.  0.  0.  0.  0.  0.2 0.4 0.4 0. ],1.7999981999999999,7.2000018,3.9000006000000003
128967,128966,[0.  0.  0.  0.  0.  0.2 0.  0.4 0.2 0.2],1.7999981999999999,7.2000018,3.500001
143407,143393,[0.  0.  0.  0.  0.  0.4 0.  0.  0.2 0.4],1.7999981999999999,7.2000018,2.9000016000000004
130156,130142,[0.  0.  0.  0.  0.  0.2 0.2 0.2 0.  0.4],1.7999981999999999,7.2000018,3.1000014
130124,130121,[0.  0.  0.  0.  0.  0.2 0.2 0.  0.4 0.2],1.7999981999999999,7.2000018,3.3000012
126613,126593,"[0.         0.         0.         0.         0.         0.16666667
 0.16666667 0.16666667 0.33333333 0.16666667]",1.8333301666680009,7.166665833336001,3.333333166668001
130085,130079,"[0.         0.         0.         0.         0.         0.33333333
 0.         0.16666667 0.16666667 0.33333333]",1.833331166667,7.1666688333329995,3.0000024999990003
138800,138794,"[0.         0.         0.         0.         0.         0.
 0.5        0.         0.33333333 0.16666667]",1.833331166667001,7.166668833333,3.333334166667001
135033,135014,"[0.         0.         0.         0.         0.         0.
 0.16666667 0.5        0.33333333 0.        ]",1.833332166666,7.166667833334,4.0000005
140328,140327,"[0.         0.         0.         0.         0.         0.16666667
 0.16666667 0.33333333 0.         0.33333333]",1.8333331666650001,7.166666833335,3.333334166667
131459,131444,"[0.         0.         0.         0.         0.         0.16666667
 0.16666667 0.33333333 0.         0.33333333]",1.8333331666650001,7.166666833335,3.333334166667
141736,141734,"[0.         0.         0.         0.         0.         0.14285714
 0.14285714 0.28571429 0.28571429 0.14285714]",1.857139142859,7.142851857141,3.4999949999970004
133106,133103,"[0.         0.         0.         0.         0.         0.42857143
 0.         0.         0.14285714 0.42857143]",1.857139142859,7.142851857141,2.785709714283
129698,129680,"[0.         0.         0.         0.         0.         0.28571429
 0.14285714 0.14285714 0.         0.42857143]",1.857139142859,7.142851857141,2.928567571425
133272,133271,"[0.         0.         0.         0.         0.         0.28571429
 0.14285714 0.14285714 0.         0.42857143]",1.857139142859,7.142851857141,2.928567571425
133325,133313,"[0.         0.         0.         0.         0.         0.14285714
 0.14285714 0.28571429 0.28571429 0.14285714]",1.857139142859,7.142851857141,3.4999949999970004
136993,136988,"[0.         0.         0.         0.         0.         0.28571429
 0.14285714 0.14285714 0.         0.42857143]",1.857139142859,7.142851857141,2.928567571425
129704,129701,"[0.         0.         0.         0.         0.         0.28571429
 0.         0.28571429 0.14285714 0.28571429]",1.8571391428590012,7.142851857141001,3.2142812857110012
144956,144947,"[0.         0.         0.         0.         0.         0.14285714
 0.14285714 0.42857143 0.         0.28571429]",1.8571391428590012,7.142851857141001,3.4999949999970013
136552,136547,"[0.         0.         0.         0.         0.         0.
 0.14285714 0.71428571 0.         0.14285714]",1.857141142857,7.142858857143,4.071429428571
125631,125627,"[0.         0.         0.         0.         0.         0.14285714
 0.         0.57142857 0.14285714 0.14285714]",1.857141142857002,7.142858857143001,3.7857157142850024
130874,130856,[0.     0.     0.     0.     0.     0.0625 0.3125 0.25   0.1875 0.1875],1.874998125,7.125001875,3.500001
128047,128042,[0.    0.    0.    0.    0.    0.25  0.    0.375 0.125 0.25 ],1.874998125,7.125001875,3.3750011250000003
138604,138584,[0.    0.    0.    0.    0.125 0.    0.25  0.25  0.    0.375],1.8749992500000001,7.12500075,3.1250002500000003
134453,134447,"[0.         0.         0.         0.         0.11111111 0.11111111
 0.         0.22222222 0.44444444 0.11111111]",1.888886111112,7.111104888888001,3.3888821111100005
129857,129848,"[0.         0.         0.         0.         0.         0.11111111
 0.         0.66666667 0.11111111 0.11111111]",1.888887111111,7.111112888889,3.9444455555549998
131154,131150,"[0.         0.         0.         0.         0.         0.18181818
 0.27272727 0.18181818 0.         0.36363636]",1.909087090911,7.0909039090890005,3.136359363633
134127,134111,"[0.         0.         0.         0.         0.         0.25
 0.08333333 0.33333333 0.         0.33333333]",1.916663083335,7.083327916665,3.249995249997
141978,141965,"[0.         0.         0.         0.         0.         0.25
 0.16666667 0.16666667 0.08333333 0.33333333]",1.9166660833320002,7.083333916668,3.083335416666
128686,128672,"[0.         0.         0.         0.         0.         0.4
 0.         0.06666667 0.2        0.33333333]",1.933332066666,7.066667933334,2.9000016000000004
141632,141629,"[0.         0.         0.         0.         0.         0.33333333
 0.11111111 0.11111111 0.11111111 0.33333333]",1.9999960000019998,6.999994999998,2.944440555552
132155,132137,"[0.         0.         0.         0.         0.         0.33333333
 0.         0.33333333 0.         0.33333333]",1.9999960000019998,6.999994999998,3.16666233333
135628,135623,"[0.         0.         0.         0.         0.         0.33333333
 0.         0.33333333 0.         0.33333333]",1.9999960000019998,6.999994999998,3.16666233333
140050,140033,"[0.         0.         0.         0.         0.         0.
 0.33333333 0.33333333 0.33333333 0.        ]",1.9999960000019998,6.999994999998,3.833327666664
125269,125249,"[0.         0.         0.         0.         0.         0.
 0.33333333 0.33333333 0.33333333 0.        ]",1.9999960000019998,6.999994999998,3.833327666664
137529,137513,"[0.         0.         0.         0.         0.         0.
 0.33333333 0.33333333 0.33333333 0.        ]",1.9999960000019998,6.999994999998,3.833327666664
126280,126278,"[0.         0.         0.         0.         0.         0.
 0.33333333 0.33333333 0.33333333 0.        ]",1.9999960000019998,6.999994999998,3.833327666664
129401,129386,"[0.         0.         0.         0.         0.         0.
 0.33333333 0.33333333 0.33333333 0.        ]",1.9999960000019998,6.999994999998,3.833327666664
135188,135182,"[0.         0.         0.         0.         0.         0.33333333
 0.         0.33333333 0.         0.33333333]",1.9999960000019998,6.999994999998,3.16666233333
137481,137471,"[0.         0.         0.         0.         0.         0.33333333
 0.         0.33333333 0.         0.33333333]",1.9999960000019998,6.999994999998,3.16666233333
138216,138206,"[0.         0.         0.         0.         0.         0.33333333
 0.         0.33333333 0.         0.33333333]",1.9999960000019998,6.999994999998,3.16666233333
129112,129092,"[0.         0.         0.         0.         0.         0.28571429
 0.28571429 0.         0.         0.42857143]",1.9999960000019998,6.999994999998,2.928568571424
129768,129764,"[0.         0.         0.         0.         0.         0.18181818
 0.18181818 0.27272727 0.18181818 0.18181818]",1.9999960000019998,6.999994999998,3.409086090906
130936,130919,"[0.         0.         0.         0.         0.         0.42857143
 0.         0.14285714 0.         0.42857143]",1.9999960000019998,6.999994999998,2.7857107142819997
126292,126278,"[0.         0.         0.         0.         0.         0.33333333
 0.         0.33333333 0.         0.33333333]",1.9999960000019998,6.999994999998,3.16666233333
133428,133418,"[0.         0.         0.         0.         0.         0.
 0.33333333 0.33333333 0.33333333 0.        ]",1.9999960000019998,6.999994999998,3.833327666664
131768,131759,"[0.         0.         0.         0.         0.         0.33333333
 0.         0.33333333 0.         0.33333333]",1.9999960000019998,6.999994999998,3.16666233333
138852,138836,"[0.         0.         0.         0.         0.         0.33333333
 0.         0.33333333 0.         0.33333333]",1.9999960000019998,6.999994999998,3.16666233333
143789,143771,"[0.         0.         0.         0.         0.         0.
 0.33333333 0.33333333 0.33333333 0.        ]",1.9999960000019998,6.999994999998,3.833327666664
141764,141755,"[0.         0.         0.         0.         0.         0.33333333
 0.         0.33333333 0.         0.33333333]",1.9999960000019998,6.999994999998,3.16666233333
141081,141062,"[0.         0.         0.         0.         0.         0.33333333
 0.         0.33333333 0.         0.33333333]",1.9999960000019998,6.999994999998,3.16666233333
133551,133544,"[0.         0.         0.         0.         0.         0.
 0.33333333 0.33333333 0.33333333 0.        ]",1.9999960000019998,6.999994999998,3.833327666664
138139,138122,"[0.         0.         0.         0.         0.         0.
 0.33333333 0.33333333 0.33333333 0.        ]",1.9999960000019998,6.999994999998,3.833327666664
131061,131045,"[0.         0.         0.         0.         0.         0.
 0.28571429 0.42857143 0.28571429 0.        ]",1.999996000002001,6.999994999998001,3.928565571426001
129247,129239,"[0.         0.         0.         0.         0.         0.42857143
 0.         0.         0.28571429 0.28571429]",1.999996000002001,6.999994999998001,2.9285665714260007
140902,140894,"[0.         0.         0.         0.         0.         0.28571429
 0.14285714 0.14285714 0.14285714 0.28571429]",1.999996000002001,6.999994999998001,3.0714244285680006
143409,143393,"[0.         0.         0.         0.         0.         0.16666667
 0.16666667 0.33333333 0.16666667 0.16666667]",1.999996000002001,7.000000000002001,3.499999000002001
137099,137093,"[0.         0.         0.         0.         0.         0.11111111
 0.33333333 0.22222222 0.11111111 0.22222222]",1.999996000002001,6.999994999998001,3.3888841111080006
136580,136568,"[0.         0.         0.         0.         0.         0.16666667
 0.         0.66666667 0.         0.16666667]",1.999996000002001,7.000000000002001,3.8333326666680008
138208,138206,"[0.         0.         0.         0.         0.         0.33333333
 0.         0.         0.66666667 0.        ]",1.999997000001,7.000002999998999,3.500001999999
130248,130247,"[0.         0.         0.         0.         0.         0.
 0.33333333 0.5        0.         0.16666667]",1.999997000001001,7.000002999999,3.833333666667001
127583,127580,"[0.         0.         0.         0.         0.14285714 0.14285714
 0.14285714 0.14285714 0.         0.42857143]",1.999997285715,6.999993714285,2.7857094285689996
133626,133607,[0.    0.    0.    0.    0.    0.25  0.125 0.25  0.125 0.25 ],1.999998,7.000002,3.25000125
129850,129848,[0.   0.   0.   0.   0.   0.25 0.25 0.   0.25 0.25],1.999998,7.000002,3.0000015
133123,133103,[0. 0. 0. 0. 0. 0. 0. 1. 0. 0.],1.999998,7.000002,4.5
142760,142742,[0. 0. 0. 0. 0. 0. 0. 1. 0. 0.],1.999998,7.000002,4.5
129854,129848,[0. 0. 0. 0. 0. 0. 0. 1. 0. 0.],1.999998,7.000002,4.5
133451,133439,[0.  0.  0.  0.  0.  0.  0.5 0.  0.5 0. ],1.999998,7.000002,3.500001
145576,145556,[0. 0. 0. 0. 0. 0. 0. 1. 0. 0.],1.999998,7.000002,4.5
142243,142238,[0. 0. 0. 0. 0. 0. 0. 1. 0. 0.],1.999998,7.000002,4.5
130752,130751,[0.  0.  0.  0.  0.  0.5 0.  0.  0.  0.5],1.999998,7.000002,2.500002
128510,128504,[0.  0.  0.  0.  0.  0.5 0.  0.  0.  0.5],1.999998,7.000002,2.500002
125760,125753,[0. 0. 0. 0. 0. 0. 0. 1. 0. 0.],1.999998,7.000002,4.5
143135,143120,[0.   0.   0.   0.   0.   0.25 0.   0.25 0.5  0.  ],1.999998,7.000002,3.500001
126611,126593,[0. 0. 0. 0. 0. 0. 0. 1. 0. 0.],1.999998,7.000002,4.5
132209,132200,[0.  0.  0.  0.  0.  0.5 0.  0.  0.  0.5],1.999998,7.000002,2.500002
142959,142952,[0. 0. 0. 0. 0. 0. 0. 1. 0. 0.],1.999998,7.000002,4.5
132289,132284,[0. 0. 0. 0. 0. 0. 0. 1. 0. 0.],1.999998,7.000002,4.5
139092,139088,[0. 0. 0. 0. 0. 0. 0. 1. 0. 0.],1.999998,7.000002,4.5
132294,132284,[0. 0. 0. 0. 0. 0. 0. 1. 0. 0.],1.999998,7.000002,4.5
141753,141734,[0. 0. 0. 0. 0. 0. 0. 1. 0. 0.],1.999998,7.000002,4.5
131684,131675,[0.  0.  0.  0.  0.  0.  0.5 0.  0.5 0. ],1.999998,7.000002,3.500001
136671,136652,[0.  0.  0.  0.  0.  0.5 0.  0.  0.  0.5],1.999998,7.000002,2.500002
141773,141755,[0. 0. 0. 0. 0. 0. 0. 1. 0. 0.],1.999998,7.000002,4.5
125164,125144,[0. 0. 0. 0. 0. 0. 0. 1. 0. 0.],1.999998,7.000002,4.5
142751,142742,[0. 0. 0. 0. 0. 0. 0. 1. 0. 0.],1.999998,7.000002,4.5
127056,127055,[0.  0.  0.  0.  0.  0.5 0.  0.  0.  0.5],1.999998,7.000002,2.500002
134223,134216,[0.  0.  0.  0.  0.  0.  0.5 0.  0.5 0. ],1.999998,7.000002,3.500001
143201,143183,[0. 0. 0. 0. 0. 0. 0. 1. 0. 0.],1.999998,7.000002,4.5
141636,141629,[0.  0.  0.  0.  0.  0.  0.5 0.  0.5 0. ],1.999998,7.000002,3.500001
143436,143435,[0. 0. 0. 0. 0. 0. 0. 1. 0. 0.],1.999998,7.000002,4.5
133816,133796,[0. 0. 0. 0. 0. 0. 0. 1. 0. 0.],1.999998,7.000002,4.5
136798,136778,[0. 0. 0. 0. 0. 0. 0. 1. 0. 0.],1.999998,7.000002,4.5
133281,133271,[0. 0. 0. 0. 0. 0. 0. 1. 0. 0.],1.999998,7.000002,4.5
142270,142259,[0.   0.   0.   0.   0.   0.25 0.25 0.   0.25 0.25],1.999998,7.000002,3.0000015
141711,141692,[0.  0.  0.  0.  0.  0.5 0.  0.  0.  0.5],1.999998,7.000002,2.500002
128781,128777,[0. 0. 0. 0. 0. 0. 0. 1. 0. 0.],1.999998,7.000002,4.5
138719,138710,[0. 0. 0. 0. 0. 0. 0. 1. 0. 0.],1.999998,7.000002,4.5
125655,125648,[0. 0. 0. 0. 0. 0. 0. 1. 0. 0.],1.999998,7.000002,4.5
141699,141692,[0.  0.  0.  0.  0.  0.5 0.  0.  0.  0.5],1.999998,7.000002,2.500002
137484,137471,[0.  0.  0.  0.  0.  0.5 0.  0.  0.  0.5],1.999998,7.000002,2.500002
141705,141692,[0. 0. 0. 0. 0. 0. 0. 1. 0. 0.],1.999998,7.000002,4.5
135039,135035,[0. 0. 0. 0. 0. 0. 0. 1. 0. 0.],1.999998,7.000002,4.5
132370,132368,[0.  0.  0.  0.  0.  0.  0.5 0.  0.5 0. ],1.999998,7.000002,3.500001
133434,133418,[0. 0. 0. 0. 0. 0. 0. 1. 0. 0.],1.999998,7.000002,4.5
134732,134720,[0. 0. 0. 0. 0. 0. 0. 1. 0. 0.],1.999998,7.000002,4.5
133423,133418,[0.  0.  0.  0.  0.  0.5 0.  0.  0.  0.5],1.999998,7.000002,2.500002
125563,125543,[0. 0. 0. 0. 0. 0. 0. 1. 0. 0.],1.999998,7.000002,4.5
125767,125753,[0. 0. 0. 0. 0. 0. 0. 1. 0. 0.],1.999998,7.000002,4.5
142586,142574,[0. 0. 0. 0. 0. 0. 0. 1. 0. 0.],1.999998,7.000002,4.5
125434,125417,[0. 0. 0. 0. 0. 0. 0. 1. 0. 0.],1.999998,7.000002,4.5
141844,141839,[0.   0.   0.   0.   0.   0.25 0.   0.5  0.   0.25],1.999998,7.000002,3.500001
144290,144275,[0. 0. 0. 0. 0. 0. 0. 1. 0. 0.],1.999998,7.000002,4.5
136491,136484,[0.    0.    0.    0.    0.    0.125 0.25  0.375 0.    0.25 ],1.999998,7.000002,3.500001
141879,141860,[0. 0. 0. 0. 0. 0. 0. 1. 0. 0.],1.999998,7.000002,4.5
136236,136232,[0.    0.    0.    0.    0.    0.125 0.    0.75  0.    0.125],1.999998,7.000002,4.0000005
142573,142553,[0. 0. 0. 0. 0. 0. 0. 1. 0. 0.],1.999998,7.000002,4.5
126085,126068,[0. 0. 0. 0. 0. 0. 0. 1. 0. 0.],1.999998,7.000002,4.5
143413,143393,[0. 0. 0. 0. 0. 0. 0. 1. 0. 0.],1.999998,7.000002,4.5
127269,127265,[0. 0. 0. 0. 0. 0. 0. 1. 0. 0.],1.999998,7.000002,4.5
128576,128567,[0. 0. 0. 0. 0. 0. 0. 1. 0. 0.],1.999998,7.000002,4.5
133437,133418,[0. 0. 0. 0. 0. 0. 0. 1. 0. 0.],1.999998,7.000002,4.5
135066,135056,[0. 0. 0. 0. 0. 0. 0. 1. 0. 0.],1.999998,7.000002,4.5
142514,142511,[0. 0. 0. 0. 0. 0. 0. 1. 0. 0.],1.999998,7.000002,4.5
144154,144149,[0. 0. 0. 0. 0. 0. 0. 1. 0. 0.],1.999998,7.000002,4.5
143924,143918,[0. 0. 0. 0. 0. 0. 0. 1. 0. 0.],1.999998,7.000002,4.5
143075,143057,[0.  0.  0.  0.  0.  0.  0.5 0.  0.5 0. ],1.999998,7.000002,3.500001
141571,141566,[0.    0.    0.    0.    0.    0.25  0.125 0.25  0.125 0.25 ],1.999998,7.000002,3.25000125
138775,138773,[0.  0.  0.  0.  0.  0.5 0.  0.  0.  0.5],1.999998,7.000002,2.500002
131779,131759,[0. 0. 0. 0. 0. 0. 0. 1. 0. 0.],1.999998,7.000002,4.5
138763,138752,[0.  0.  0.  0.  0.  0.5 0.  0.  0.  0.5],1.999998,7.000002,2.500002
139318,139298,[0. 0. 0. 0. 0. 0. 0. 1. 0. 0.],1.999998,7.000002,4.5
138213,138206,[0. 0. 0. 0. 0. 0. 0. 1. 0. 0.],1.999998,7.000002,4.5
138759,138752,[0. 0. 0. 0. 0. 0. 0. 1. 0. 0.],1.999998,7.000002,4.5
130349,130331,[0. 0. 0. 0. 0. 0. 0. 1. 0. 0.],1.999998,7.000002,4.5
135178,135161,[0. 0. 0. 0. 0. 0. 0. 1. 0. 0.],1.999998,7.000002,4.5
143283,143267,[0.  0.  0.  0.  0.  0.5 0.  0.  0.  0.5],1.999998,7.000002,2.500002
134931,134930,[0. 0. 0. 0. 0. 0. 0. 1. 0. 0.],1.999998,7.000002,4.5
134126,134111,[0. 0. 0. 0. 0. 0. 0. 1. 0. 0.],1.999998,7.000002,4.5
126848,126845,[0. 0. 0. 0. 0. 0. 0. 1. 0. 0.],1.999998,7.000002,4.5
134976,134972,[0.  0.  0.  0.  0.  0.  0.5 0.  0.5 0. ],1.999998,7.000002,3.500001
137483,137471,[0. 0. 0. 0. 0. 0. 0. 1. 0. 0.],1.999998,7.000002,4.5
126493,126488,[0. 0. 0. 0. 0. 0. 0. 1. 0. 0.],1.999998,7.000002,4.5
136275,136274,[0. 0. 0. 0. 0. 0. 0. 1. 0. 0.],1.999998,7.000002,4.5
131775,131759,[0.  0.  0.  0.  0.  0.5 0.  0.  0.  0.5],1.999998,7.000002,2.500002
126595,126593,[0. 0. 0. 0. 0. 0. 0. 1. 0. 0.],1.999998,7.000002,4.5
138766,138752,[0. 0. 0. 0. 0. 0. 0. 1. 0. 0.],1.999998,7.000002,4.5
131576,131570,[0.  0.  0.  0.  0.  0.5 0.  0.  0.  0.5],1.999998,7.000002,2.500002
131572,131570,[0. 0. 0. 0. 0. 0. 0. 1. 0. 0.],1.999998,7.000002,4.5
126883,126866,[0. 0. 0. 0. 0. 0. 0. 1. 0. 0.],1.999998,7.000002,4.5
138951,138941,[0. 0. 0. 0. 0. 0. 0. 1. 0. 0.],1.999998,7.000002,4.5
125146,125144,[0.  0.  0.  0.  0.  0.2 0.4 0.  0.  0.4],1.999998,7.000002,3.1000014
134112,134111,[0. 0. 0. 0. 0. 0. 0. 1. 0. 0.],1.999998,7.000002,4.5
139801,139781,[0. 0. 0. 0. 0. 0. 0. 1. 0. 0.],1.999998,7.000002,4.5
134100,134090,[0. 0. 0. 0. 0. 0. 0. 1. 0. 0.],1.999998,7.000002,4.5
133778,133775,[0.   0.   0.   0.   0.   0.25 0.   0.5  0.   0.25],1.999998,7.000002,3.500001
132940,132935,[0. 0. 0. 0. 0. 0. 0. 1. 0. 0.],1.999998,7.000002,4.5
135198,135182,[0. 0. 0. 0. 0. 0. 0. 1. 0. 0.],1.999998,7.000002,4.5
127926,127916,[0. 0. 0. 0. 0. 0. 0. 1. 0. 0.],1.999998,7.000002,4.5
134108,134090,[0. 0. 0. 0. 0. 0. 0. 1. 0. 0.],1.999998,7.000002,4.5
138958,138941,[0. 0. 0. 0. 0. 0. 0. 1. 0. 0.],1.999998,7.000002,4.5
134106,134090,[0. 0. 0. 0. 0. 0. 0. 1. 0. 0.],1.999998,7.000002,4.5
127934,127916,[0.  0.  0.  0.  0.  0.  0.5 0.  0.5 0. ],1.999998,7.000002,3.500001
134746,134741,[0. 0. 0. 0. 0. 0. 0. 1. 0. 0.],1.999998,7.000002,4.5
136126,136106,[0. 0. 0. 0. 0. 0. 0. 1. 0. 0.],1.999998,7.000002,4.5
126600,126593,[0.   0.   0.   0.   0.   0.25 0.25 0.   0.25 0.25],1.999998,7.000002,3.0000015
141072,141062,[0.  0.  0.  0.  0.  0.5 0.  0.  0.  0.5],1.999998,7.000002,2.500002
144204,144191,[0.  0.  0.  0.  0.  0.  0.5 0.  0.5 0. ],1.999998,7.000002,3.500001
135164,135161,[0.  0.  0.  0.  0.  0.5 0.  0.  0.  0.5],1.999998,7.000002,2.500002
139134,139130,[0. 0. 0. 0. 0. 0. 0. 1. 0. 0.],1.999998,7.000002,4.5
139143,139130,[0. 0. 0. 0. 0. 0. 0. 1. 0. 0.],1.999998,7.000002,4.5
139148,139130,[0. 0. 0. 0. 0. 0. 0. 1. 0. 0.],1.999998,7.000002,4.5
131580,131570,[0. 0. 0. 0. 0. 0. 0. 1. 0. 0.],1.999998,7.000002,4.5
131771,131759,[0. 0. 0. 0. 0. 0. 0. 1. 0. 0.],1.999998,7.000002,4.5
126598,126593,[0.   0.   0.   0.   0.   0.25 0.25 0.   0.25 0.25],1.999998,7.000002,3.0000015
127985,127979,[0. 0. 0. 0. 0. 0. 0. 1. 0. 0.],1.999998,7.000002,4.5
139211,139193,[0. 0. 0. 0. 0. 0. 0. 1. 0. 0.],1.999998,7.000002,4.5
133115,133103,[0. 0. 0. 0. 0. 0. 0. 1. 0. 0.],1.999998,7.000002,4.5
135050,135035,[0. 0. 0. 0. 0. 0. 0. 1. 0. 0.],1.999998,7.000002,4.5
127325,127307,[0. 0. 0. 0. 0. 0. 0. 1. 0. 0.],1.999998,7.000002,4.5
137556,137555,[0. 0. 0. 0. 0. 0. 0. 1. 0. 0.],1.999998,7.000002,4.5
131574,131570,[0. 0. 0. 0. 0. 0. 0. 1. 0. 0.],1.999998,7.000002,4.5
138954,138941,[0. 0. 0. 0. 0. 0. 0. 1. 0. 0.],1.999998,7.000002,4.5
145324,145304,[0. 0. 0. 0. 0. 0. 0. 1. 0. 0.],1.999998,7.000002,4.5
131765,131759,[0. 0. 0. 0. 0. 0. 0. 1. 0. 0.],1.999998,7.000002,4.5
136722,136715,[0. 0. 0. 0. 0. 0. 0. 1. 0. 0.],1.999998,7.000002,4.5
136286,136274,[0.   0.   0.   0.   0.   0.   0.25 0.5  0.25 0.  ],1.999998,7.000002,4.0000005
132166,132158,[0.  0.  0.  0.  0.  0.5 0.  0.  0.  0.5],1.999998,7.000002,2.500002
138133,138122,[0.  0.  0.  0.  0.  0.5 0.  0.  0.  0.5],1.999998,7.000002,2.500002
126176,126173,[0.  0.  0.  0.  0.  0.  0.5 0.  0.5 0. ],1.999998,7.000002,3.500001
137960,137954,[0. 0. 0. 0. 0. 0. 0. 1. 0. 0.],1.999998,7.000002,4.5
135551,135539,[0.  0.  0.  0.  0.  0.  0.6 0.  0.2 0.2],1.999998,7.000002,3.500001
129882,129869,[0. 0. 0. 0. 0. 0. 0. 1. 0. 0.],1.999998,7.000002,4.5
132432,132431,[0. 0. 0. 0. 0. 0. 0. 1. 0. 0.],1.999998,7.000002,4.5
128582,128567,[0. 0. 0. 0. 0. 0. 0. 1. 0. 0.],1.999998,7.000002,4.5
140909,140894,[0. 0. 0. 0. 0. 0. 0. 1. 0. 0.],1.999998,7.000002,4.5
144617,144611,[0.  0.  0.  0.  0.  0.5 0.  0.  0.  0.5],1.999998,7.000002,2.500002
140996,140978,[0. 0. 0. 0. 0. 0. 0. 1. 0. 0.],1.999998,7.000002,4.5
144614,144611,[0.  0.  0.  0.  0.  0.5 0.  0.  0.  0.5],1.999998,7.000002,2.500002
140645,140642,[0.  0.  0.  0.  0.  0.4 0.1 0.  0.1 0.4],1.999998,7.000002,2.7000018000000003
144613,144611,[0.  0.  0.  0.  0.  0.5 0.  0.  0.  0.5],1.999998,7.000002,2.500002
128583,128567,[0.   0.   0.   0.   0.   0.   0.25 0.5  0.25 0.  ],1.999998,7.000002,4.0000005
144621,144611,[0.  0.  0.  0.  0.  0.  0.5 0.  0.5 0. ],1.999998,7.000002,3.500001
127300,127286,[0. 0. 0. 0. 0. 0. 0. 1. 0. 0.],1.999998,7.000002,4.5
132300,132284,[0. 0. 0. 0. 0. 0. 0. 1. 0. 0.],1.999998,7.000002,4.5
139537,139529,[0.  0.  0.  0.  0.  0.5 0.  0.  0.  0.5],1.999998,7.000002,2.500002
131609,131591,[0. 0. 0. 0. 0. 0. 0. 1. 0. 0.],1.999998,7.000002,4.5
143127,143120,[0. 0. 0. 0. 0. 0. 0. 1. 0. 0.],1.999998,7.000002,4.5
144618,144611,[0. 0. 0. 0. 0. 0. 0. 1. 0. 0.],1.999998,7.000002,4.5
128573,128567,[0. 0. 0. 0. 0. 0. 0. 1. 0. 0.],1.999998,7.000002,4.5
131584,131570,[0. 0. 0. 0. 0. 0. 0. 1. 0. 0.],1.999998,7.000002,4.5
126394,126383,[0. 0. 0. 0. 0. 0. 0. 1. 0. 0.],1.999998,7.000002,4.5
136730,136715,[0. 0. 0. 0. 0. 0. 0. 1. 0. 0.],1.999998,7.000002,4.5
133112,133103,[0. 0. 0. 0. 0. 0. 0. 1. 0. 0.],1.999998,7.000002,4.5
133099,133082,[0. 0. 0. 0. 0. 0. 0. 1. 0. 0.],1.999998,7.000002,4.5
126378,126362,[0. 0. 0. 0. 0. 0. 0. 1. 0. 0.],1.999998,7.000002,4.5
145320,145304,[0.   0.   0.   0.   0.   0.25 0.   0.5  0.   0.25],1.999998,7.000002,3.500001
131763,131759,[0.  0.  0.  0.  0.  0.5 0.  0.  0.  0.5],1.999998,7.000002,2.500002
128444,128441,[0.   0.   0.   0.   0.   0.25 0.05 0.4  0.05 0.25],1.999998,7.000002,3.4000011000000003
136877,136862,[0.  0.  0.  0.  0.  0.2 0.2 0.2 0.2 0.2],1.999998,7.000002,3.3000012
126332,126320,[0. 0. 0. 0. 0. 0. 0. 1. 0. 0.],1.999998,7.000002,4.5
137493,137492,[0. 0. 0. 0. 0. 0. 0. 1. 0. 0.],1.999998,7.000002,4.5
128263,128252,[0. 0. 0. 0. 0. 0. 0. 1. 0. 0.],1.999998,7.000002,4.5
145188,145178,[0.  0.  0.  0.  0.  0.5 0.  0.  0.  0.5],1.999998,7.000002,2.500002
126334,126320,[0. 0. 0. 0. 0. 0. 0. 1. 0. 0.],1.999998,7.000002,4.5
131587,131570,[0. 0. 0. 0. 0. 0. 0. 1. 0. 0.],1.999998,7.000002,4.5
140693,140684,[0. 0. 0. 0. 0. 0. 0. 1. 0. 0.],1.999998,7.000002,4.5
135162,135161,[0. 0. 0. 0. 0. 0. 0. 1. 0. 0.],1.999998,7.000002,4.5
133116,133103,[0.  0.  0.  0.  0.  0.  0.5 0.  0.5 0. ],1.999998,7.000002,3.500001
133430,133418,[0. 0. 0. 0. 0. 0. 0. 1. 0. 0.],1.999998,7.000002,4.5
138465,138458,[0.   0.   0.   0.   0.   0.   0.25 0.5  0.25 0.  ],1.999998,7.000002,4.0000005
127760,127748,[0.  0.  0.  0.  0.  0.  0.5 0.  0.5 0. ],1.999998,7.000002,3.500001
144113,144107,[0.   0.   0.   0.   0.   0.25 0.25 0.   0.25 0.25],1.999998,7.000002,3.0000015
134218,134216,[0. 0. 0. 0. 0. 0. 0. 1. 0. 0.],1.999998,7.000002,4.5
137970,137954,[0. 0. 0. 0. 0. 0. 0. 1. 0. 0.],1.999998,7.000002,4.5
138287,138269,[0. 0. 0. 0. 0. 0. 0. 1. 0. 0.],1.999998,7.000002,4.5
131679,131675,[0.   0.   0.   0.   0.   0.   0.5  0.25 0.   0.25],1.999998,7.000002,3.500001
129960,129953,[0. 0. 0. 0. 0. 0. 0. 1. 0. 0.],1.999998,7.000002,4.5
126322,126320,[0. 0. 0. 0. 0. 0. 0. 1. 0. 0.],1.999998,7.000002,4.5
141633,141629,[0. 0. 0. 0. 0. 0. 0. 1. 0. 0.],1.999998,7.000002,4.5
131624,131612,"[0.         0.         0.         0.         0.         0.16666667
 0.33333333 0.         0.33333333 0.16666667]",1.999998000000001,7.000002000000001,3.1666673333340007
128905,128903,"[0.         0.         0.         0.         0.         0.16666667
 0.33333333 0.         0.33333333 0.16666667]",1.999998000000001,7.000002000000001,3.1666673333340007
143024,143015,"[0.         0.         0.         0.         0.         0.
 0.66666667 0.         0.         0.33333333]",1.999998999999,7.000001000001,3.500001999999
139542,139529,"[0.         0.         0.         0.         0.         0.
 0.66666667 0.         0.         0.33333333]",1.999998999999,7.000001000001,3.500001999999
129987,129974,"[0.         0.         0.         0.         0.         0.
 0.66666667 0.         0.         0.33333333]",1.999998999999,7.000001000001,3.500001999999
133159,133145,"[0.         0.         0.         0.         0.         0.
 0.66666667 0.         0.         0.33333333]",1.999998999999,7.000001000001,3.500001999999
128776,128756,"[0.         0.         0.         0.         0.16666667 0.
 0.16666667 0.33333333 0.         0.33333333]",2.000001500001,6.999998499998999,3.1666658333310003
140353,140348,"[0.         0.         0.         0.         0.13333333 0.13333333
 0.06666667 0.2        0.26666667 0.2       ]",2.066664133332,6.933335866668,3.1000012000019996
142830,142826,"[0.         0.         0.         0.         0.         0.15384615
 0.30769231 0.23076923 0.07692308 0.23076923]",2.076918923079,6.923072076921001,3.346149153843
127964,127958,"[0.         0.         0.         0.         0.         0.08333333
 0.41666667 0.16666667 0.16666667 0.16666667]",2.083327916670001,6.916668083334001,3.416667083334001
131395,131381,"[0.         0.         0.         0.         0.09090909 0.09090909
 0.27272727 0.18181818 0.09090909 0.27272727]",2.090905727274,6.909085272725999,3.1363585454520004
143287,143267,[0.  0.  0.  0.  0.  0.1 0.3 0.4 0.  0.2],2.0999979,6.9000021,3.6000009
127369,127349,[0.  0.  0.  0.  0.  0.2 0.2 0.3 0.1 0.2],2.0999979,6.9000021,3.4000011000000003
129851,129848,[0.  0.  0.  0.1 0.  0.  0.1 0.6 0.  0.2],2.0999988000000003,6.9000012,3.6
126324,126320,"[0.         0.         0.         0.         0.11111111 0.11111111
 0.11111111 0.22222222 0.33333333 0.11111111]",2.11110788889,6.88888311111,3.27777222222
140071,140054,"[0.         0.         0.         0.         0.11111111 0.22222222
 0.11111111 0.11111111 0.11111111 0.33333333]",2.11110788889,6.88888311111,2.8333286666640003
136088,136085,"[0.         0.         0.         0.11111111 0.         0.11111111
 0.         0.44444444 0.11111111 0.22222222]",2.111107888890001,6.888883111110001,3.2777722222200008
141744,141734,[0.    0.    0.    0.    0.    0.125 0.125 0.5   0.25  0.   ],2.124997875,6.875002125,3.875000625
140713,140705,[0.    0.    0.    0.    0.    0.375 0.125 0.125 0.    0.375],2.124997875,6.875002125,2.875001625
144870,144863,[0.    0.    0.    0.    0.    0.25  0.125 0.125 0.5   0.   ],2.124997875,6.875002125,3.3750011250000003
145561,145556,[0.    0.    0.    0.    0.125 0.25  0.    0.125 0.25  0.25 ],2.124999,6.875001,2.8750005
139404,139403,"[0.         0.         0.         0.         0.         0.14285714
 0.42857143 0.         0.28571429 0.14285714]",2.142852857145,6.857138142855001,3.3571391428529997
133788,133775,"[0.         0.         0.         0.         0.         0.14285714
 0.42857143 0.         0.28571429 0.14285714]",2.142852857145,6.857138142855001,3.3571391428529997
145316,145304,"[0.         0.         0.         0.         0.         0.28571429
 0.14285714 0.14285714 0.28571429 0.14285714]",2.142852857145,6.857138142855001,3.2142812857110004
135880,135875,"[0.         0.         0.         0.         0.         0.14285714
 0.28571429 0.14285714 0.42857143 0.        ]",2.142852857145,6.857138142855001,3.4999949999970004
135199,135182,"[0.         0.         0.         0.         0.         0.28571429
 0.14285714 0.28571429 0.         0.28571429]",2.1428528571450007,6.857138142855002,3.2142812857110012
133625,133607,"[0.         0.         0.         0.         0.         0.14285714
 0.28571429 0.28571429 0.14285714 0.14285714]",2.1428528571450016,6.8571381428550024,3.4999949999970026
142258,142238,"[0.         0.         0.         0.         0.         0.14285714
 0.28571429 0.28571429 0.14285714 0.14285714]",2.1428528571450016,6.8571381428550024,3.4999949999970026
141267,141251,"[0.         0.         0.         0.         0.         0.14285714
 0.28571429 0.28571429 0.14285714 0.14285714]",2.1428528571450016,6.8571381428550024,3.4999949999970026
126395,126383,"[0.         0.         0.         0.         0.         0.14285714
 0.28571429 0.28571429 0.14285714 0.14285714]",2.1428528571450016,6.8571381428550024,3.4999949999970026
134317,134300,"[0.         0.         0.         0.         0.14285714 0.14285714
 0.14285714 0.14285714 0.14285714 0.28571429]",2.142854142858001,6.8571368571420015,2.928566285712001
127522,127517,"[0.         0.         0.         0.         0.         0.
 0.28571429 0.57142857 0.14285714 0.        ]",2.142854857143,6.857145142857,4.071429428571
136382,136379,[0.   0.   0.   0.   0.   0.15 0.3  0.3  0.05 0.2 ],2.14999785,6.85000215,3.45000105
145800,145787,"[0.         0.         0.         0.         0.         0.30769231
 0.07692308 0.30769231 0.07692308 0.23076923]",2.1538418461560003,6.846149153844,3.269226230766
135389,135371,"[0.         0.         0.         0.         0.         0.23076923
 0.23076923 0.23076923 0.07692308 0.23076923]",2.1538418461560003,6.846149153844,3.269226230766
130126,130121,"[0.         0.         0.         0.         0.07692308 0.23076923
 0.07692308 0.23076923 0.15384615 0.23076923]",2.153842538463,6.846148461537,3.115379692305
142193,142175,"[0.         0.         0.         0.         0.07692308 0.15384615
 0.15384615 0.23076923 0.23076923 0.15384615]",2.153842538463,6.846148461537,3.269225538459
139958,139949,"[0.         0.         0.         0.         0.         0.26315789
 0.26315789 0.15789474 0.         0.31578947]",2.157893842104001,6.8421061578960005,3.1315813684200013
128782,128777,"[0.         0.         0.         0.         0.         0.16666667
 0.33333333 0.16666667 0.16666667 0.16666667]",2.166661833336001,6.833334166668001,3.333333166668001
128846,128840,"[0.         0.         0.         0.         0.         0.16666667
 0.16666667 0.5        0.         0.16666667]",2.1666628333350006,6.833333166669002,3.666665833335001
139743,139739,"[0.         0.         0.         0.         0.         0.33333333
 0.         0.33333333 0.16666667 0.16666667]",2.1666628333350006,6.833337166665,3.333334166667001
141123,141104,"[0.         0.         0.         0.         0.         0.33333333
 0.         0.33333333 0.16666667 0.16666667]",2.1666628333350006,6.833337166665,3.333334166667001
128637,128630,"[0.         0.         0.         0.         0.         0.33333333
 0.         0.33333333 0.16666667 0.16666667]",2.1666628333350006,6.833337166665,3.333334166667001
135964,135959,"[0.         0.         0.         0.         0.16666667 0.
 0.16666667 0.33333333 0.16666667 0.16666667]",2.1666633333300007,6.833331666666001,3.3333306666660008
125451,125438,"[0.         0.         0.         0.         0.         0.
 0.5        0.33333333 0.         0.16666667]",2.1666638333340007,6.833336166666001,3.666666833334001
129715,129701,"[0.         0.         0.         0.         0.         0.33333333
 0.16666667 0.         0.33333333 0.16666667]",2.1666638333340007,6.833336166666001,3.000001500000001
135714,135707,"[0.         0.         0.         0.         0.         0.
 0.33333333 0.5        0.16666667 0.        ]",2.1666638333340007,6.833336166666001,4.0000005000000005
131445,131444,"[0.         0.         0.         0.11111111 0.05555556 0.16666667
 0.05555556 0.11111111 0.16666667 0.33333333]",2.166664333329,6.833329666668,2.6666653333320003
132901,132893,"[0.         0.         0.         0.         0.         0.5
 0.         0.         0.16666667 0.33333333]",2.166664833333,6.833335166667001,2.666668833333
135572,135560,"[0.         0.         0.         0.         0.         0.5
 0.         0.         0.16666667 0.33333333]",2.166664833333,6.833335166667001,2.666668833333
127773,127769,"[0.         0.         0.         0.         0.         0.
 0.5        0.16666667 0.33333333 0.        ]",2.166664833333,6.833335166667001,3.6666678333330003
130552,130541,"[0.         0.         0.         0.         0.         0.33333333
 0.16666667 0.16666667 0.         0.33333333]",2.166664833333,6.833335166667001,3.0000024999990003
130129,130121,"[0.         0.         0.         0.         0.         0.33333333
 0.16666667 0.16666667 0.         0.33333333]",2.166664833333,6.833335166667001,3.0000024999990003
138854,138836,"[0.         0.         0.         0.         0.16666667 0.16666667
 0.16666667 0.         0.16666667 0.33333333]",2.166665333328,6.833329666668,2.6666663333310003
129408,129407,"[0.         0.         0.         0.         0.16666667 0.16666667
 0.16666667 0.         0.16666667 0.33333333]",2.166665333328,6.833329666668,2.6666663333310003
127188,127181,"[0.         0.04545455 0.         0.         0.         0.04545455
 0.27272727 0.31818182 0.18181818 0.13636364]",2.1818132272710002,6.818178772727999,3.409087681818
136145,136127,"[0.         0.         0.         0.         0.         0.27272727
 0.36363636 0.         0.         0.36363636]",2.181813818184,6.818177181816001,3.136360363632
137592,137576,"[0.         0.         0.         0.         0.09090909 0.18181818
 0.18181818 0.09090909 0.27272727 0.18181818]",2.181814636365,6.818176363635001,3.045449636361
127353,127349,[0.  0.  0.  0.  0.  0.4 0.1 0.  0.3 0.2],2.1999978000000002,6.800002200000001,2.9000016000000004
128030,128021,[0.  0.  0.  0.  0.  0.2 0.2 0.4 0.  0.2],2.1999978000000002,6.800002200000001,3.500001
141825,141818,[0.  0.  0.  0.  0.  0.4 0.2 0.  0.  0.4],2.1999978000000002,6.800002200000001,2.9000016000000004
136764,136757,[0.  0.  0.  0.  0.  0.2 0.  0.6 0.2 0. ],2.1999978000000002,6.800002200000001,3.9000006000000003
133891,133880,[0.  0.  0.  0.  0.  0.4 0.  0.2 0.2 0.2],2.1999978000000002,6.800002200000001,3.1000014
125316,125312,[0.  0.  0.  0.  0.  0.4 0.2 0.  0.  0.4],2.1999978000000002,6.800002200000001,2.9000016000000004
128684,128672,[0.  0.  0.  0.  0.  0.2 0.3 0.2 0.1 0.2],2.1999978000000002,6.800002200000001,3.3000012
131048,131045,[0.  0.  0.  0.  0.  0.4 0.2 0.  0.  0.4],2.1999978000000002,6.800002200000001,2.9000016000000004
129959,129953,[0.  0.  0.  0.  0.  0.4 0.2 0.  0.  0.4],2.1999978000000002,6.800002200000001,2.9000016000000004
133223,133208,[0.  0.  0.  0.  0.  0.2 0.2 0.4 0.  0.2],2.1999978000000002,6.800002200000001,3.500001
143391,143372,[0.  0.  0.  0.  0.  0.2 0.2 0.4 0.  0.2],2.1999978000000002,6.800002200000001,3.500001
133795,133775,[0.  0.  0.  0.  0.  0.1 0.3 0.4 0.1 0.1],2.1999978000000002,6.800002200000001,3.7000008
131199,131192,[0.  0.  0.  0.  0.  0.2 0.4 0.  0.2 0.2],2.1999978000000002,6.800002200000001,3.3000012
125880,125879,[0.  0.  0.  0.  0.  0.1 0.2 0.6 0.  0.1],2.1999978000000002,6.800002200000001,3.9000006000000003
138757,138752,[0.  0.  0.  0.  0.  0.2 0.2 0.2 0.4 0. ],2.1999978000000002,6.800002200000001,3.500001
134793,134783,[0.  0.  0.  0.  0.  0.  0.6 0.1 0.2 0.1],2.199997800000001,6.8000022000000016,3.700000800000001
126260,126257,"[0.         0.         0.         0.         0.         0.33333333
 0.22222222 0.         0.22222222 0.22222222]",2.22221777778,6.7777732222200004,3.05555244444
138803,138794,"[0.         0.         0.         0.         0.         0.22222222
 0.11111111 0.44444444 0.11111111 0.11111111]",2.22221777778,6.7777732222200004,3.611105888886
128262,128252,"[0.         0.         0.         0.         0.         0.22222222
 0.22222222 0.33333333 0.         0.22222222]",2.222217777780001,6.777773222220001,3.3888841111080006
138460,138458,"[0.         0.         0.         0.         0.         0.23076923
 0.15384615 0.38461538 0.07692308 0.15384615]",2.230764769233,6.769226230767,3.4999949999970004
140937,140936,"[0.         0.         0.         0.07692308 0.         0.23076923
 0.07692308 0.15384615 0.30769231 0.15384615]",2.23076546154,6.76922553846,3.038456769228
135800,135791,"[0.         0.         0.         0.         0.         0.17647059
 0.35294118 0.11764706 0.23529412 0.11764706]",2.235292764705,6.764707235295,3.382354117647
132163,132158,[0.   0.   0.   0.   0.   0.25 0.25 0.25 0.   0.25],2.24999775,6.7500022500000005,3.25000125
129106,129092,[0.   0.   0.   0.   0.   0.5  0.   0.   0.25 0.25],2.24999775,6.7500022500000005,2.75000175
145902,145892,[0.    0.    0.    0.    0.    0.125 0.125 0.625 0.125 0.   ],2.24999775,6.7500022500000005,4.0000005
133814,133796,[0.   0.   0.   0.   0.   0.5  0.   0.   0.25 0.25],2.24999775,6.7500022500000005,2.75000175
134138,134132,[0.   0.   0.   0.   0.   0.   0.25 0.75 0.   0.  ],2.24999775,6.7500022500000005,4.25000025
143066,143057,[0.   0.   0.   0.   0.   0.5  0.   0.   0.25 0.25],2.24999775,6.7500022500000005,2.75000175
130745,130730,[0.   0.   0.   0.   0.   0.25 0.25 0.   0.5  0.  ],2.24999775,6.7500022500000005,3.25000125
133858,133838,[0.   0.   0.   0.   0.   0.25 0.25 0.25 0.   0.25],2.24999775,6.7500022500000005,3.25000125
